{"cameraMode":{"drawMode":0,"name":"Shaded","section":"Shading Mode"},"sceneLighting":true,"audioPlay":false,"sceneViewState":{"m_AlwaysRefresh":false,"showFog":true,"showSkybox":true,"showFlares":true,"showImageEffects":true,"showParticleSystems":true,"showVisualEffectGraphs":true,"m_FxEnabled":true},"in2DMode":false,"pivot":{"x":2.1999998092651369,"y":6.300000190734863,"z":-14.799999237060547},"rotation":{"x":-0.11455448716878891,"y":0.8400740623474121,"z":-0.19520039856433869,"w":-0.4930027723312378},"size":19.999422073364259,"orthographic":false}